{"cameraMode":{"drawMode":0,"name":"Shaded","section":"Shading Mode"},"sceneLighting":true,"audioPlay":false,"sceneViewState":{"m_AlwaysRefresh":false,"showFog":true,"showSkybox":true,"showFlares":true,"showImageEffects":true,"showParticleSystems":true,"showVisualEffectGraphs":true,"m_FxEnabled":true},"in2DMode":false,"pivot":{"x":-0.24439764022827149,"y":-1.3071794509887696,"z":9.49661636352539},"rotation":{"x":-0.06475802510976792,"y":0.014067376032471657,"z":-0.0009126224322244525,"w":-0.9978039860725403},"size":9.550000190734864,"orthographic":true}